ID,Name,Age,City,Email,DateJoined
1,Eve,35,Houston,example3@example.com,01-01-2020
2,Bob,50,Los Angeles,example1@example.com,02-01-2020
3,Alice,60,Phoenix,example1@example.com,03-01-2020
4,Eve,63,Houston,example2@example.com,04-01-2020
5,Charlie,55,Los Angeles,example1@example.com,05-01-2020
6,David,68,Chicago,example2@example.com,06-01-2020
7,Eve,54,Houston,example2@example.com,07-01-2020
8,David,46,Houston,example2@example.com,08-01-2020
9,Alice,58,Houston,example3@example.com,09-01-2020
10,David,22,New York,example3@example.com,10-01-2020
11,Bob,34,Phoenix,example3@example.com,11-01-2020
12,David,19,Phoenix,example1@example.com,12-01-2020
13,Charlie,33,Phoenix,example2@example.com,13-01-2020
14,Charlie,42,Chicago,example1@example.com,14-01-2020
15,Bob,63,Los Angeles,example1@example.com,15-01-2020
16,Charlie,45,Los Angeles,example1@example.com,16-01-2020
17,David,41,Houston,example2@example.com,17-01-2020
18,Bob,48,Los Angeles,example1@example.com,18-01-2020
19,Bob,26,Los Angeles,example2@example.com,19-01-2020
20,Charlie,64,New York,example1@example.com,20-01-2020
21,Alice,28,Houston,example2@example.com,21-01-2020
22,Alice,47,Chicago,example1@example.com,22-01-2020
23,Alice,42,Houston,example3@example.com,23-01-2020
24,Alice,45,Houston,example2@example.com,24-01-2020
25,Alice,33,New York,example1@example.com,25-01-2020
26,Alice,57,Chicago,example2@example.com,26-01-2020
27,David,26,New York,example3@example.com,27-01-2020
28,Charlie,29,Phoenix,example2@example.com,28-01-2020
29,Eve,45,Los Angeles,example1@example.com,29-01-2020
30,Eve,51,Phoenix,example2@example.com,30-01-2020
31,Bob,37,New York,example1@example.com,31-01-2020
32,Charlie,44,New York,example2@example.com,01-02-2020
33,Alice,67,Los Angeles,example3@example.com,02-02-2020
34,Eve,24,Phoenix,example2@example.com,03-02-2020
35,David,49,Los Angeles,example3@example.com,04-02-2020
36,David,48,New York,example3@example.com,05-02-2020
37,David,55,Chicago,example1@example.com,06-02-2020
38,Eve,62,Los Angeles,example1@example.com,07-02-2020
39,David,51,Phoenix,example3@example.com,08-02-2020
40,Bob,36,New York,example2@example.com,09-02-2020
41,Eve,60,Chicago,example1@example.com,10-02-2020
42,Bob,39,Phoenix,example2@example.com,11-02-2020
43,David,33,Phoenix,example3@example.com,12-02-2020
44,Charlie,67,New York,example3@example.com,13-02-2020
45,Bob,69,Chicago,example3@example.com,14-02-2020
46,Bob,29,Phoenix,example3@example.com,15-02-2020
47,Alice,18,Los Angeles,example1@example.com,16-02-2020
48,Eve,18,New York,example2@example.com,17-02-2020
49,Alice,48,Los Angeles,example3@example.com,18-02-2020
50,Eve,56,Phoenix,example2@example.com,19-02-2020
51,Eve,66,Phoenix,example1@example.com,20-02-2020
52,Eve,31,Los Angeles,example3@example.com,21-02-2020
53,Alice,27,Houston,example2@example.com,22-02-2020
54,Eve,61,Los Angeles,example2@example.com,23-02-2020
55,Charlie,55,Phoenix,example2@example.com,24-02-2020
56,David,31,Chicago,example2@example.com,25-02-2020
57,Bob,60,New York,example3@example.com,26-02-2020
58,Charlie,44,New York,example1@example.com,27-02-2020
59,Charlie,66,New York,example2@example.com,28-02-2020
60,Charlie,56,Chicago,example3@example.com,29-02-2020
61,Charlie,65,Houston,example1@example.com,01-03-2020
62,David,67,Phoenix,example3@example.com,02-03-2020
63,Charlie,43,Chicago,example1@example.com,03-03-2020
64,Eve,24,Phoenix,example3@example.com,04-03-2020
65,Eve,66,Chicago,example2@example.com,05-03-2020
66,Bob,69,Los Angeles,example2@example.com,06-03-2020
67,Bob,66,Houston,example1@example.com,07-03-2020
68,Alice,45,Houston,example2@example.com,08-03-2020
69,Charlie,26,New York,example3@example.com,09-03-2020
70,Eve,30,Phoenix,example1@example.com,10-03-2020
71,Alice,18,Houston,example1@example.com,11-03-2020
72,Bob,41,Phoenix,example1@example.com,12-03-2020
73,Alice,67,Los Angeles,example2@example.com,13-03-2020
74,Charlie,19,Chicago,example1@example.com,14-03-2020
75,Bob,61,Phoenix,example2@example.com,15-03-2020
76,Eve,20,Chicago,example3@example.com,16-03-2020
77,David,48,Houston,example1@example.com,17-03-2020
78,Alice,38,Chicago,example2@example.com,18-03-2020
79,Alice,33,New York,example1@example.com,19-03-2020
80,Eve,59,Phoenix,example3@example.com,20-03-2020
81,Alice,27,Chicago,example3@example.com,21-03-2020
82,Eve,63,Houston,example1@example.com,22-03-2020
83,Bob,66,Los Angeles,example2@example.com,23-03-2020
84,David,29,Phoenix,example2@example.com,24-03-2020
85,Charlie,21,New York,example3@example.com,25-03-2020
86,Bob,59,Houston,example2@example.com,26-03-2020
87,Bob,54,Houston,example3@example.com,27-03-2020
88,Eve,51,Houston,example1@example.com,28-03-2020
89,Charlie,38,Houston,example1@example.com,29-03-2020
90,Bob,59,Chicago,example3@example.com,30-03-2020
91,Bob,57,Phoenix,example2@example.com,31-03-2020
92,Charlie,69,Houston,example2@example.com,01-04-2020
93,Alice,67,Chicago,example3@example.com,02-04-2020
94,Charlie,24,New York,example3@example.com,03-04-2020
95,Alice,65,Houston,example1@example.com,04-04-2020
96,Alice,41,Houston,example1@example.com,05-04-2020
97,Charlie,63,New York,example3@example.com,06-04-2020
98,David,23,Chicago,example1@example.com,07-04-2020
99,Alice,65,Phoenix,example1@example.com,08-04-2020
100,Alice,37,New York,example1@example.com,09-04-2020
101,Bob,20,Houston,example1@example.com,10-04-2020
102,Alice,61,Los Angeles,example1@example.com,11-04-2020
103,Eve,41,Phoenix,example2@example.com,12-04-2020
104,David,42,New York,example2@example.com,13-04-2020
105,Eve,26,Phoenix,example1@example.com,14-04-2020
106,Eve,21,Phoenix,example1@example.com,15-04-2020
107,Bob,66,Phoenix,example2@example.com,16-04-2020
108,Alice,51,Los Angeles,example1@example.com,17-04-2020
109,Charlie,46,New York,example2@example.com,18-04-2020
110,David,29,Chicago,example1@example.com,19-04-2020
111,Eve,68,Houston,example1@example.com,20-04-2020
112,Bob,64,Houston,example1@example.com,21-04-2020
113,Eve,65,Houston,example3@example.com,22-04-2020
114,Eve,20,New York,example1@example.com,23-04-2020
115,Eve,44,Phoenix,example1@example.com,24-04-2020
116,Bob,32,Chicago,example3@example.com,25-04-2020
117,Bob,34,New York,example3@example.com,26-04-2020
118,Alice,37,Houston,example3@example.com,27-04-2020
119,Eve,41,Phoenix,example3@example.com,28-04-2020
120,Alice,64,New York,example2@example.com,29-04-2020
121,David,39,Houston,example2@example.com,30-04-2020
122,Alice,34,Los Angeles,example1@example.com,01-05-2020
123,Eve,28,New York,example3@example.com,02-05-2020
124,Bob,34,New York,example3@example.com,03-05-2020
125,Bob,21,Chicago,example1@example.com,04-05-2020
126,Eve,49,Chicago,example1@example.com,05-05-2020
127,David,27,Chicago,example1@example.com,06-05-2020
128,Alice,28,Houston,example1@example.com,07-05-2020
129,Alice,55,New York,example1@example.com,08-05-2020
130,Alice,47,New York,example1@example.com,09-05-2020
131,Eve,54,Houston,example3@example.com,10-05-2020
132,David,63,Houston,example1@example.com,11-05-2020
133,Alice,41,Houston,example3@example.com,12-05-2020
134,Charlie,41,Phoenix,example2@example.com,13-05-2020
135,Bob,68,Houston,example1@example.com,14-05-2020
136,Eve,23,Houston,example1@example.com,15-05-2020
137,Charlie,22,Chicago,example1@example.com,16-05-2020
138,Bob,50,Phoenix,example2@example.com,17-05-2020
139,David,65,Houston,example3@example.com,18-05-2020
140,Alice,60,Houston,example3@example.com,19-05-2020
141,Bob,23,Chicago,example2@example.com,20-05-2020
142,Eve,58,Chicago,example3@example.com,21-05-2020
143,David,47,Chicago,example2@example.com,22-05-2020
144,Bob,37,Los Angeles,example2@example.com,23-05-2020
145,Eve,65,New York,example2@example.com,24-05-2020
146,David,68,Houston,example2@example.com,25-05-2020
147,Alice,27,Phoenix,example1@example.com,26-05-2020
148,Alice,27,Chicago,example3@example.com,27-05-2020
149,Alice,21,New York,example3@example.com,28-05-2020
150,Alice,36,Houston,example3@example.com,29-05-2020
151,Alice,42,Los Angeles,example3@example.com,30-05-2020
152,David,32,Los Angeles,example3@example.com,31-05-2020
153,Charlie,18,Phoenix,example2@example.com,01-06-2020
154,Eve,53,New York,example2@example.com,02-06-2020
155,Bob,38,Phoenix,example1@example.com,03-06-2020
156,Alice,53,Houston,example2@example.com,04-06-2020
157,Charlie,37,New York,example2@example.com,05-06-2020
158,Eve,50,Los Angeles,example3@example.com,06-06-2020
159,Bob,61,Los Angeles,example2@example.com,07-06-2020
160,Alice,61,Los Angeles,example1@example.com,08-06-2020
161,David,67,Los Angeles,example2@example.com,09-06-2020
162,Charlie,30,Chicago,example3@example.com,10-06-2020
163,Charlie,31,New York,example1@example.com,11-06-2020
164,Bob,23,Houston,example2@example.com,12-06-2020
165,Eve,30,Chicago,example3@example.com,13-06-2020
166,Alice,27,Phoenix,example2@example.com,14-06-2020
167,Alice,65,Chicago,example2@example.com,15-06-2020
168,Bob,41,Phoenix,example2@example.com,16-06-2020
169,Eve,33,Chicago,example1@example.com,17-06-2020
170,David,52,Houston,example2@example.com,18-06-2020
171,Eve,35,Phoenix,example2@example.com,19-06-2020
172,David,42,Los Angeles,example2@example.com,20-06-2020
173,Bob,49,Houston,example1@example.com,21-06-2020
174,Charlie,40,Phoenix,example1@example.com,22-06-2020
175,Eve,21,Houston,example3@example.com,23-06-2020
176,David,19,Chicago,example1@example.com,24-06-2020
177,Bob,65,Houston,example1@example.com,25-06-2020
178,David,68,Los Angeles,example2@example.com,26-06-2020
179,Eve,50,Houston,example3@example.com,27-06-2020
180,Eve,32,Chicago,example3@example.com,28-06-2020
181,Charlie,49,Chicago,example2@example.com,29-06-2020
182,Alice,45,Los Angeles,example3@example.com,30-06-2020
183,David,41,Houston,example1@example.com,01-07-2020
184,David,55,Phoenix,example2@example.com,02-07-2020
185,Eve,24,Houston,example1@example.com,03-07-2020
186,Alice,68,Phoenix,example3@example.com,04-07-2020
187,Charlie,69,Chicago,example2@example.com,05-07-2020
188,David,55,Phoenix,example3@example.com,06-07-2020
189,David,33,New York,example1@example.com,07-07-2020
190,Eve,62,Chicago,example1@example.com,08-07-2020
191,Charlie,69,Chicago,example2@example.com,09-07-2020
192,Bob,49,Houston,example2@example.com,10-07-2020
193,Alice,38,New York,example3@example.com,11-07-2020
194,David,35,New York,example3@example.com,12-07-2020
195,Eve,34,Phoenix,example1@example.com,13-07-2020
196,Bob,39,New York,example1@example.com,14-07-2020
197,Charlie,31,Los Angeles,example3@example.com,15-07-2020
198,David,69,Phoenix,example3@example.com,16-07-2020
199,Charlie,66,Chicago,example3@example.com,17-07-2020
200,Bob,18,Chicago,example1@example.com,18-07-2020
201,David,22,Chicago,example3@example.com,19-07-2020
202,Eve,67,New York,example2@example.com,20-07-2020
203,David,45,Los Angeles,example3@example.com,21-07-2020
204,David,58,Chicago,example2@example.com,22-07-2020
205,David,26,Chicago,example3@example.com,23-07-2020
206,Charlie,65,New York,example2@example.com,24-07-2020
207,Bob,48,Phoenix,example3@example.com,25-07-2020
208,Alice,51,New York,example2@example.com,26-07-2020
209,David,66,Los Angeles,example3@example.com,27-07-2020
210,Bob,69,Houston,example2@example.com,28-07-2020
211,Charlie,40,Chicago,example3@example.com,29-07-2020
212,Alice,24,Houston,example2@example.com,30-07-2020
213,Eve,26,Phoenix,example2@example.com,31-07-2020
214,David,53,Houston,example2@example.com,01-08-2020
215,David,47,Chicago,example3@example.com,02-08-2020
216,David,25,Chicago,example1@example.com,03-08-2020
217,David,29,Phoenix,example2@example.com,04-08-2020
218,Bob,27,Houston,example2@example.com,05-08-2020
219,Eve,63,Chicago,example2@example.com,06-08-2020
220,Charlie,21,Chicago,example2@example.com,07-08-2020
221,Bob,55,Los Angeles,example3@example.com,08-08-2020
222,Eve,43,Los Angeles,example2@example.com,09-08-2020
223,Eve,69,Los Angeles,example1@example.com,10-08-2020
224,David,42,Houston,example1@example.com,11-08-2020
225,David,64,Chicago,example3@example.com,12-08-2020
226,Alice,63,Chicago,example3@example.com,13-08-2020
227,Eve,68,Phoenix,example1@example.com,14-08-2020
228,David,43,Los Angeles,example1@example.com,15-08-2020
229,Alice,29,Los Angeles,example2@example.com,16-08-2020
230,Eve,61,Chicago,example2@example.com,17-08-2020
231,Charlie,37,Los Angeles,example1@example.com,18-08-2020
232,David,63,New York,example3@example.com,19-08-2020
233,Alice,34,Los Angeles,example1@example.com,20-08-2020
234,Eve,25,Chicago,example2@example.com,21-08-2020
235,David,68,Houston,example3@example.com,22-08-2020
236,Charlie,50,Chicago,example1@example.com,23-08-2020
237,Bob,29,New York,example1@example.com,24-08-2020
238,Bob,19,Chicago,example3@example.com,25-08-2020
239,Bob,55,New York,example1@example.com,26-08-2020
240,Alice,57,Houston,example3@example.com,27-08-2020
241,Eve,23,Phoenix,example2@example.com,28-08-2020
242,Eve,35,Los Angeles,example1@example.com,29-08-2020
243,David,19,Los Angeles,example2@example.com,30-08-2020
244,David,26,Phoenix,example3@example.com,31-08-2020
245,David,69,Houston,example3@example.com,01-09-2020
246,Bob,50,Chicago,example1@example.com,02-09-2020
247,Charlie,56,Houston,example2@example.com,03-09-2020
248,Eve,61,Houston,example3@example.com,04-09-2020
249,Charlie,59,Houston,example1@example.com,05-09-2020
250,Alice,57,Houston,example2@example.com,06-09-2020
251,Alice,60,Phoenix,example2@example.com,07-09-2020
252,Charlie,19,Chicago,example2@example.com,08-09-2020
253,Alice,30,Phoenix,example2@example.com,09-09-2020
254,Eve,56,Phoenix,example2@example.com,10-09-2020
255,Alice,64,Los Angeles,example2@example.com,11-09-2020
256,David,67,Chicago,example2@example.com,12-09-2020
257,Bob,59,Chicago,example1@example.com,13-09-2020
258,Bob,47,Houston,example2@example.com,14-09-2020
259,Eve,56,Houston,example2@example.com,15-09-2020
260,David,56,Phoenix,example3@example.com,16-09-2020
261,David,19,Chicago,example2@example.com,17-09-2020
262,Charlie,33,Los Angeles,example2@example.com,18-09-2020
263,Eve,58,Los Angeles,example3@example.com,19-09-2020
264,Alice,55,Houston,example3@example.com,20-09-2020
265,Eve,26,Houston,example3@example.com,21-09-2020
266,David,47,Phoenix,example3@example.com,22-09-2020
267,Bob,18,Phoenix,example2@example.com,23-09-2020
268,Bob,56,Houston,example1@example.com,24-09-2020
269,Eve,54,Chicago,example1@example.com,25-09-2020
270,David,43,Phoenix,example3@example.com,26-09-2020
271,Charlie,39,New York,example3@example.com,27-09-2020
272,Alice,50,New York,example1@example.com,28-09-2020
273,Eve,25,Houston,example2@example.com,29-09-2020
274,Alice,56,Chicago,example2@example.com,30-09-2020
275,David,63,Chicago,example1@example.com,01-10-2020
276,Charlie,32,New York,example3@example.com,02-10-2020
277,Alice,21,New York,example2@example.com,03-10-2020
278,Eve,40,Houston,example3@example.com,04-10-2020
279,Alice,34,Phoenix,example2@example.com,05-10-2020
280,Eve,56,Houston,example2@example.com,06-10-2020
281,David,29,Los Angeles,example2@example.com,07-10-2020
282,Bob,45,Phoenix,example2@example.com,08-10-2020
283,David,53,Houston,example3@example.com,09-10-2020
284,David,40,Los Angeles,example1@example.com,10-10-2020
285,Eve,30,Los Angeles,example3@example.com,11-10-2020
286,Eve,69,Chicago,example1@example.com,12-10-2020
287,Alice,50,Phoenix,example1@example.com,13-10-2020
288,Bob,29,Houston,example1@example.com,14-10-2020
289,Bob,62,Chicago,example2@example.com,15-10-2020
290,David,68,Houston,example3@example.com,16-10-2020
291,Charlie,45,Chicago,example2@example.com,17-10-2020
292,David,46,Los Angeles,example1@example.com,18-10-2020
293,Bob,64,New York,example2@example.com,19-10-2020
294,Alice,28,New York,example3@example.com,20-10-2020
295,Alice,51,Los Angeles,example3@example.com,21-10-2020
296,Bob,28,Chicago,example3@example.com,22-10-2020
297,Eve,44,Phoenix,example3@example.com,23-10-2020
298,Eve,23,New York,example2@example.com,24-10-2020
299,Alice,19,Chicago,example1@example.com,25-10-2020
300,David,31,Phoenix,example1@example.com,26-10-2020
301,Bob,44,Phoenix,example2@example.com,27-10-2020
302,Bob,43,Los Angeles,example3@example.com,28-10-2020
303,Bob,25,New York,example3@example.com,29-10-2020
304,Bob,27,Phoenix,example3@example.com,30-10-2020
305,Alice,30,Chicago,example2@example.com,31-10-2020
306,David,23,Chicago,example2@example.com,01-11-2020
307,Eve,26,Chicago,example3@example.com,02-11-2020
308,David,30,New York,example1@example.com,03-11-2020
309,Eve,21,Houston,example3@example.com,04-11-2020
310,Eve,31,Los Angeles,example2@example.com,05-11-2020
311,Bob,24,Phoenix,example3@example.com,06-11-2020
312,Bob,49,New York,example2@example.com,07-11-2020
313,Alice,35,Los Angeles,example2@example.com,08-11-2020
314,Alice,20,Chicago,example1@example.com,09-11-2020
315,Eve,42,Los Angeles,example2@example.com,10-11-2020
316,Charlie,29,Chicago,example2@example.com,11-11-2020
317,Alice,40,Chicago,example2@example.com,12-11-2020
318,David,67,Los Angeles,example1@example.com,13-11-2020
319,Eve,51,Phoenix,example2@example.com,14-11-2020
320,Alice,62,Los Angeles,example3@example.com,15-11-2020
321,Charlie,24,Los Angeles,example2@example.com,16-11-2020
322,Alice,47,New York,example1@example.com,17-11-2020
323,Bob,31,Los Angeles,example3@example.com,18-11-2020
324,Eve,33,Los Angeles,example3@example.com,19-11-2020
325,Bob,68,Chicago,example2@example.com,20-11-2020
326,Charlie,36,Chicago,example3@example.com,21-11-2020
327,Bob,57,Los Angeles,example2@example.com,22-11-2020
328,Bob,22,Phoenix,example1@example.com,23-11-2020
329,Bob,22,Chicago,example2@example.com,24-11-2020
330,David,18,Chicago,example1@example.com,25-11-2020
331,Alice,41,Phoenix,example1@example.com,26-11-2020
332,David,42,Houston,example3@example.com,27-11-2020
333,Eve,37,Phoenix,example1@example.com,28-11-2020
334,Alice,35,Los Angeles,example3@example.com,29-11-2020
335,Alice,20,Houston,example3@example.com,30-11-2020
336,Eve,25,Chicago,example1@example.com,01-12-2020
337,David,61,Los Angeles,example2@example.com,02-12-2020
338,Charlie,20,Chicago,example2@example.com,03-12-2020
339,Eve,69,New York,example2@example.com,04-12-2020
340,David,38,Los Angeles,example1@example.com,05-12-2020
341,Charlie,31,New York,example3@example.com,06-12-2020
342,Bob,43,Phoenix,example1@example.com,07-12-2020
343,David,38,Phoenix,example3@example.com,08-12-2020
344,Eve,66,Houston,example2@example.com,09-12-2020
345,David,29,Houston,example3@example.com,10-12-2020
346,David,57,New York,example3@example.com,11-12-2020
347,Bob,26,New York,example3@example.com,12-12-2020
348,Alice,40,New York,example3@example.com,13-12-2020
349,Alice,67,Houston,example1@example.com,14-12-2020
350,Bob,45,Los Angeles,example1@example.com,15-12-2020
351,David,28,New York,example1@example.com,16-12-2020
352,Alice,49,Chicago,example1@example.com,17-12-2020
353,David,61,New York,example2@example.com,18-12-2020
354,Bob,35,Phoenix,example1@example.com,19-12-2020
355,Bob,40,Phoenix,example3@example.com,20-12-2020
356,Charlie,41,Phoenix,example3@example.com,21-12-2020
357,Alice,40,Houston,example2@example.com,22-12-2020
358,Alice,35,New York,example2@example.com,23-12-2020
359,Alice,61,Phoenix,example2@example.com,24-12-2020
360,Eve,55,Chicago,example2@example.com,25-12-2020
361,Eve,43,New York,example2@example.com,26-12-2020
362,Eve,18,Houston,example2@example.com,27-12-2020
363,Charlie,39,Houston,example1@example.com,28-12-2020
364,Alice,24,Houston,example3@example.com,29-12-2020
365,Charlie,56,Los Angeles,example2@example.com,30-12-2020
366,Charlie,59,Phoenix,example1@example.com,31-12-2020
367,Eve,60,Houston,example2@example.com,01-01-2021
368,Charlie,69,Houston,example3@example.com,02-01-2021
369,Eve,61,Phoenix,example2@example.com,03-01-2021
370,David,26,Los Angeles,example1@example.com,04-01-2021
371,Charlie,65,Phoenix,example2@example.com,05-01-2021
372,Charlie,42,Phoenix,example1@example.com,06-01-2021
373,Eve,43,Phoenix,example3@example.com,07-01-2021
374,Bob,44,New York,example1@example.com,08-01-2021
375,Eve,20,New York,example1@example.com,09-01-2021
376,Charlie,19,Chicago,example3@example.com,10-01-2021
377,Alice,69,Phoenix,example3@example.com,11-01-2021
378,Eve,21,New York,example3@example.com,12-01-2021
379,Charlie,53,Houston,example1@example.com,13-01-2021
380,Alice,46,New York,example2@example.com,14-01-2021
381,David,45,Los Angeles,example3@example.com,15-01-2021
382,Bob,22,Phoenix,example1@example.com,16-01-2021
383,Alice,23,New York,example1@example.com,17-01-2021
384,David,53,New York,example3@example.com,18-01-2021
385,David,61,Houston,example1@example.com,19-01-2021
386,Alice,40,Phoenix,example3@example.com,20-01-2021
387,Alice,57,Phoenix,example2@example.com,21-01-2021
388,Bob,46,Houston,example2@example.com,22-01-2021
389,Alice,67,New York,example1@example.com,23-01-2021
390,David,31,New York,example2@example.com,24-01-2021
391,David,44,Los Angeles,example1@example.com,25-01-2021
392,Eve,65,Phoenix,example2@example.com,26-01-2021
393,Eve,40,New York,example2@example.com,27-01-2021
394,Eve,62,Chicago,example2@example.com,28-01-2021
395,Alice,55,Los Angeles,example2@example.com,29-01-2021
396,Charlie,66,Chicago,example3@example.com,30-01-2021
397,David,40,Los Angeles,example2@example.com,31-01-2021
398,David,50,Chicago,example3@example.com,01-02-2021
399,Alice,69,New York,example2@example.com,02-02-2021
400,Alice,22,Los Angeles,example3@example.com,03-02-2021
401,David,23,Los Angeles,example2@example.com,04-02-2021
402,Alice,63,Houston,example1@example.com,05-02-2021
403,Bob,42,Los Angeles,example3@example.com,06-02-2021
404,Eve,41,Los Angeles,example3@example.com,07-02-2021
405,Charlie,53,Los Angeles,example2@example.com,08-02-2021
406,Charlie,35,Los Angeles,example3@example.com,09-02-2021
407,Alice,65,New York,example1@example.com,10-02-2021
408,Charlie,41,Phoenix,example3@example.com,11-02-2021
409,Bob,53,New York,example1@example.com,12-02-2021
410,Eve,55,Los Angeles,example1@example.com,13-02-2021
411,Charlie,19,Chicago,example3@example.com,14-02-2021
412,Bob,58,Phoenix,example1@example.com,15-02-2021
413,Bob,51,Phoenix,example1@example.com,16-02-2021
414,Alice,24,New York,example1@example.com,17-02-2021
415,David,22,Phoenix,example2@example.com,18-02-2021
416,Eve,34,Chicago,example2@example.com,19-02-2021
417,Eve,29,Los Angeles,example2@example.com,20-02-2021
418,Alice,69,Chicago,example3@example.com,21-02-2021
419,Bob,46,Phoenix,example2@example.com,22-02-2021
420,Charlie,20,New York,example2@example.com,23-02-2021
421,Alice,46,Chicago,example3@example.com,24-02-2021
422,Charlie,56,Los Angeles,example3@example.com,25-02-2021
423,Charlie,38,Phoenix,example1@example.com,26-02-2021
424,Alice,38,Chicago,example3@example.com,27-02-2021
425,Bob,46,Chicago,example2@example.com,28-02-2021
426,David,46,Los Angeles,example3@example.com,01-03-2021
427,Bob,63,Chicago,example3@example.com,02-03-2021
428,Alice,30,Los Angeles,example2@example.com,03-03-2021
429,Eve,25,Phoenix,example2@example.com,04-03-2021
430,David,52,Los Angeles,example1@example.com,05-03-2021
431,Charlie,21,Phoenix,example2@example.com,06-03-2021
432,Alice,50,Houston,example2@example.com,07-03-2021
433,David,27,Phoenix,example2@example.com,08-03-2021
434,Charlie,22,Chicago,example3@example.com,09-03-2021
435,Eve,56,Houston,example2@example.com,10-03-2021
436,Charlie,46,Houston,example2@example.com,11-03-2021
437,Alice,43,New York,example3@example.com,12-03-2021
438,Alice,25,Phoenix,example3@example.com,13-03-2021
439,Charlie,47,Los Angeles,example2@example.com,14-03-2021
440,David,24,New York,example1@example.com,15-03-2021
441,David,24,Los Angeles,example3@example.com,16-03-2021
442,Eve,31,Chicago,example3@example.com,17-03-2021
443,Bob,69,New York,example3@example.com,18-03-2021
444,Bob,30,Los Angeles,example3@example.com,19-03-2021
445,Bob,25,Phoenix,example3@example.com,20-03-2021
446,Eve,32,Phoenix,example3@example.com,21-03-2021
447,Eve,46,Houston,example3@example.com,22-03-2021
448,Charlie,30,Phoenix,example1@example.com,23-03-2021
449,Bob,21,Los Angeles,example1@example.com,24-03-2021
450,Eve,50,Houston,example3@example.com,25-03-2021
451,Eve,60,Houston,example3@example.com,26-03-2021
452,Alice,32,Phoenix,example2@example.com,27-03-2021
453,David,48,Phoenix,example2@example.com,28-03-2021
454,Charlie,45,Chicago,example3@example.com,29-03-2021
455,Bob,44,Los Angeles,example1@example.com,30-03-2021
456,Charlie,64,Los Angeles,example3@example.com,31-03-2021
457,David,59,Chicago,example3@example.com,01-04-2021
458,David,58,Chicago,example2@example.com,02-04-2021
459,Charlie,63,Phoenix,example2@example.com,03-04-2021
460,Bob,46,Los Angeles,example1@example.com,04-04-2021
461,Charlie,25,New York,example2@example.com,05-04-2021
462,David,56,New York,example3@example.com,06-04-2021
463,Charlie,48,Houston,example1@example.com,07-04-2021
464,Alice,24,Phoenix,example1@example.com,08-04-2021
465,Bob,25,Los Angeles,example3@example.com,09-04-2021
466,Charlie,31,Houston,example1@example.com,10-04-2021
467,Alice,41,Los Angeles,example3@example.com,11-04-2021
468,David,65,Phoenix,example3@example.com,12-04-2021
469,Charlie,67,Los Angeles,example3@example.com,13-04-2021
470,Bob,57,Los Angeles,example2@example.com,14-04-2021
471,Charlie,31,Phoenix,example1@example.com,15-04-2021
472,Bob,67,New York,example3@example.com,16-04-2021
473,Alice,20,Phoenix,example1@example.com,17-04-2021
474,Bob,54,Chicago,example3@example.com,18-04-2021
475,Bob,18,Chicago,example3@example.com,19-04-2021
476,Bob,37,Chicago,example1@example.com,20-04-2021
477,Charlie,27,Chicago,example2@example.com,21-04-2021
478,Eve,58,Houston,example1@example.com,22-04-2021
479,David,47,Chicago,example3@example.com,23-04-2021
480,Charlie,41,Chicago,example3@example.com,24-04-2021
481,Eve,46,Phoenix,example1@example.com,25-04-2021
482,Alice,65,New York,example2@example.com,26-04-2021
483,Bob,32,Los Angeles,example2@example.com,27-04-2021
484,Bob,56,Phoenix,example3@example.com,28-04-2021
485,David,66,Chicago,example1@example.com,29-04-2021
486,Charlie,44,Chicago,example2@example.com,30-04-2021
487,Eve,40,Los Angeles,example2@example.com,01-05-2021
488,David,66,Los Angeles,example2@example.com,02-05-2021
489,Charlie,32,Phoenix,example2@example.com,03-05-2021
490,Alice,60,Houston,example1@example.com,04-05-2021
491,Charlie,25,Phoenix,example2@example.com,05-05-2021
492,Eve,61,Los Angeles,example1@example.com,06-05-2021
493,Eve,61,New York,example3@example.com,07-05-2021
494,David,60,Chicago,example3@example.com,08-05-2021
495,Alice,48,Los Angeles,example1@example.com,09-05-2021
496,David,23,Houston,example1@example.com,10-05-2021
497,Alice,58,New York,example2@example.com,11-05-2021
498,Alice,49,Los Angeles,example3@example.com,12-05-2021
499,Bob,23,Phoenix,example1@example.com,13-05-2021
500,Bob,65,Houston,example1@example.com,14-05-2021
501,Alice,24,Houston,example3@example.com,15-05-2021
502,Bob,43,New York,example2@example.com,16-05-2021
503,Eve,22,Chicago,example2@example.com,17-05-2021
504,David,19,Los Angeles,example2@example.com,18-05-2021
505,Bob,21,New York,example3@example.com,19-05-2021
506,Eve,30,New York,example2@example.com,20-05-2021
507,Charlie,66,Phoenix,example1@example.com,21-05-2021
508,Bob,62,New York,example3@example.com,22-05-2021
509,Eve,42,Chicago,example3@example.com,23-05-2021
510,David,47,New York,example2@example.com,24-05-2021
511,Charlie,32,Houston,example3@example.com,25-05-2021
512,Eve,60,Chicago,example3@example.com,26-05-2021
513,Charlie,48,New York,example1@example.com,27-05-2021
514,Alice,63,New York,example1@example.com,28-05-2021
515,Bob,55,Los Angeles,example1@example.com,29-05-2021
516,Alice,25,Phoenix,example3@example.com,30-05-2021
517,Alice,60,New York,example3@example.com,31-05-2021
518,David,24,Chicago,example2@example.com,01-06-2021
519,Eve,67,Chicago,example3@example.com,02-06-2021
520,Alice,42,Los Angeles,example3@example.com,03-06-2021
521,Charlie,59,New York,example2@example.com,04-06-2021
522,Alice,51,Phoenix,example1@example.com,05-06-2021
523,Charlie,47,Houston,example1@example.com,06-06-2021
524,Eve,56,Houston,example3@example.com,07-06-2021
525,Bob,55,Phoenix,example1@example.com,08-06-2021
526,David,35,Houston,example3@example.com,09-06-2021
527,David,28,Los Angeles,example3@example.com,10-06-2021
528,Alice,32,New York,example2@example.com,11-06-2021
529,Alice,64,Houston,example1@example.com,12-06-2021
530,Eve,20,Phoenix,example1@example.com,13-06-2021
531,Charlie,65,Phoenix,example3@example.com,14-06-2021
532,Eve,47,New York,example2@example.com,15-06-2021
533,Eve,38,New York,example3@example.com,16-06-2021
534,Alice,49,New York,example2@example.com,17-06-2021
535,Alice,44,Phoenix,example1@example.com,18-06-2021
536,Eve,36,Phoenix,example3@example.com,19-06-2021
537,Alice,47,Houston,example1@example.com,20-06-2021
538,Eve,23,Chicago,example2@example.com,21-06-2021
539,Eve,32,Chicago,example2@example.com,22-06-2021
540,Alice,56,New York,example1@example.com,23-06-2021
541,Charlie,59,New York,example3@example.com,24-06-2021
542,David,26,Los Angeles,example3@example.com,25-06-2021
543,David,41,New York,example2@example.com,26-06-2021
544,Eve,24,Los Angeles,example1@example.com,27-06-2021
545,Charlie,46,Phoenix,example3@example.com,28-06-2021
546,Charlie,37,Los Angeles,example1@example.com,29-06-2021
547,Bob,21,Houston,example1@example.com,30-06-2021
548,Charlie,44,Los Angeles,example2@example.com,01-07-2021
549,Alice,40,Phoenix,example3@example.com,02-07-2021
550,Eve,25,Phoenix,example2@example.com,03-07-2021
551,David,59,Houston,example3@example.com,04-07-2021
552,David,58,New York,example1@example.com,05-07-2021
553,Bob,26,Los Angeles,example3@example.com,06-07-2021
554,David,39,Chicago,example3@example.com,07-07-2021
555,Charlie,51,Phoenix,example3@example.com,08-07-2021
556,Charlie,18,New York,example1@example.com,09-07-2021
557,David,27,Chicago,example2@example.com,10-07-2021
558,Bob,20,New York,example1@example.com,11-07-2021
559,David,30,Phoenix,example2@example.com,12-07-2021
560,Eve,61,Phoenix,example1@example.com,13-07-2021
561,Eve,67,New York,example1@example.com,14-07-2021
562,David,28,Los Angeles,example2@example.com,15-07-2021
563,Bob,26,New York,example1@example.com,16-07-2021
564,Bob,60,Los Angeles,example2@example.com,17-07-2021
565,Eve,38,Chicago,example3@example.com,18-07-2021
566,Bob,51,Phoenix,example1@example.com,19-07-2021
567,Bob,60,Los Angeles,example2@example.com,20-07-2021
568,Alice,27,Phoenix,example3@example.com,21-07-2021
569,Eve,51,Los Angeles,example2@example.com,22-07-2021
570,David,32,Chicago,example3@example.com,23-07-2021
571,Charlie,36,Los Angeles,example2@example.com,24-07-2021
572,David,51,Houston,example3@example.com,25-07-2021
573,Bob,38,Los Angeles,example1@example.com,26-07-2021
574,Bob,60,Phoenix,example2@example.com,27-07-2021
575,Charlie,21,New York,example1@example.com,28-07-2021
576,Charlie,27,Houston,example3@example.com,29-07-2021
577,David,36,Phoenix,example3@example.com,30-07-2021
578,David,42,Phoenix,example3@example.com,31-07-2021
579,David,67,New York,example2@example.com,01-08-2021
580,Bob,63,Los Angeles,example3@example.com,02-08-2021
581,Alice,44,Phoenix,example2@example.com,03-08-2021
582,David,18,Los Angeles,example2@example.com,04-08-2021
583,Bob,26,New York,example1@example.com,05-08-2021
584,David,43,Phoenix,example1@example.com,06-08-2021
585,Bob,51,New York,example3@example.com,07-08-2021
586,Eve,26,Los Angeles,example1@example.com,08-08-2021
587,David,36,Phoenix,example2@example.com,09-08-2021
588,Eve,29,Los Angeles,example2@example.com,10-08-2021
589,Eve,26,New York,example3@example.com,11-08-2021
590,Charlie,56,Los Angeles,example3@example.com,12-08-2021
591,David,25,Los Angeles,example3@example.com,13-08-2021
592,Charlie,45,Phoenix,example2@example.com,14-08-2021
593,Alice,40,Los Angeles,example3@example.com,15-08-2021
594,Bob,52,New York,example1@example.com,16-08-2021
595,Charlie,39,Los Angeles,example1@example.com,17-08-2021
596,Eve,26,New York,example3@example.com,18-08-2021
597,Alice,52,Los Angeles,example3@example.com,19-08-2021
598,Eve,31,New York,example2@example.com,20-08-2021
599,David,19,Los Angeles,example3@example.com,21-08-2021
600,David,60,Houston,example3@example.com,22-08-2021
601,Eve,43,Los Angeles,example1@example.com,23-08-2021
602,Bob,19,New York,example2@example.com,24-08-2021
603,Bob,21,Los Angeles,example2@example.com,25-08-2021
604,Eve,25,New York,example1@example.com,26-08-2021
605,David,40,Houston,example3@example.com,27-08-2021
606,David,23,Chicago,example2@example.com,28-08-2021
607,David,36,Phoenix,example3@example.com,29-08-2021
608,Alice,31,Phoenix,example2@example.com,30-08-2021
609,David,38,Houston,example2@example.com,31-08-2021
610,Bob,56,Chicago,example3@example.com,01-09-2021
611,Charlie,69,Houston,example1@example.com,02-09-2021
612,Eve,28,Los Angeles,example3@example.com,03-09-2021
613,Bob,24,Los Angeles,example2@example.com,04-09-2021
614,Charlie,29,Los Angeles,example3@example.com,05-09-2021
615,Bob,49,Los Angeles,example2@example.com,06-09-2021
616,Bob,26,Houston,example2@example.com,07-09-2021
617,Alice,41,Chicago,example3@example.com,08-09-2021
618,Charlie,19,Houston,example2@example.com,09-09-2021
619,David,64,New York,example2@example.com,10-09-2021
620,Bob,41,Los Angeles,example3@example.com,11-09-2021
621,Bob,31,Phoenix,example2@example.com,12-09-2021
622,Alice,26,Los Angeles,example1@example.com,13-09-2021
623,Eve,67,Chicago,example1@example.com,14-09-2021
624,Charlie,24,Los Angeles,example2@example.com,15-09-2021
625,Eve,55,Houston,example1@example.com,16-09-2021
626,David,44,Chicago,example1@example.com,17-09-2021
627,Charlie,47,Phoenix,example1@example.com,18-09-2021
628,Alice,25,New York,example3@example.com,19-09-2021
629,Eve,40,Chicago,example2@example.com,20-09-2021
630,Alice,56,Houston,example2@example.com,21-09-2021
631,Charlie,40,Phoenix,example3@example.com,22-09-2021
632,Alice,61,Los Angeles,example3@example.com,23-09-2021
633,Bob,64,New York,example1@example.com,24-09-2021
634,Bob,47,Houston,example3@example.com,25-09-2021
635,Eve,36,Houston,example1@example.com,26-09-2021
636,Bob,39,Chicago,example2@example.com,27-09-2021
637,Alice,46,New York,example2@example.com,28-09-2021
638,Alice,60,Houston,example3@example.com,29-09-2021
639,David,35,New York,example2@example.com,30-09-2021
640,Eve,21,Phoenix,example2@example.com,01-10-2021
641,Charlie,50,Chicago,example1@example.com,02-10-2021
642,Eve,39,Houston,example1@example.com,03-10-2021
643,Alice,46,New York,example1@example.com,04-10-2021
644,Charlie,49,Phoenix,example1@example.com,05-10-2021
645,Charlie,55,Los Angeles,example3@example.com,06-10-2021
646,Bob,22,Los Angeles,example1@example.com,07-10-2021
647,Charlie,31,Phoenix,example3@example.com,08-10-2021
648,Charlie,47,Phoenix,example2@example.com,09-10-2021
649,David,46,Phoenix,example1@example.com,10-10-2021
650,David,42,Houston,example3@example.com,11-10-2021
651,Eve,63,New York,example1@example.com,12-10-2021
652,Eve,67,New York,example2@example.com,13-10-2021
653,David,41,Los Angeles,example3@example.com,14-10-2021
654,Charlie,54,Los Angeles,example1@example.com,15-10-2021
655,Charlie,58,New York,example3@example.com,16-10-2021
656,David,56,Phoenix,example2@example.com,17-10-2021
657,Eve,30,Houston,example1@example.com,18-10-2021
658,Bob,27,Phoenix,example1@example.com,19-10-2021
659,Alice,31,Chicago,example1@example.com,20-10-2021
660,Bob,59,Houston,example3@example.com,21-10-2021
661,Alice,46,Los Angeles,example3@example.com,22-10-2021
662,David,30,Phoenix,example1@example.com,23-10-2021
663,Bob,52,Houston,example3@example.com,24-10-2021
664,Bob,48,Los Angeles,example1@example.com,25-10-2021
665,Eve,66,Houston,example3@example.com,26-10-2021
666,Charlie,24,Houston,example1@example.com,27-10-2021
667,David,46,New York,example3@example.com,28-10-2021
668,David,58,Chicago,example3@example.com,29-10-2021
669,Alice,69,Chicago,example2@example.com,30-10-2021
670,Eve,46,Houston,example1@example.com,31-10-2021
671,Charlie,54,Los Angeles,example3@example.com,01-11-2021
672,Bob,44,Phoenix,example3@example.com,02-11-2021
673,Alice,57,Phoenix,example2@example.com,03-11-2021
674,Alice,39,Houston,example2@example.com,04-11-2021
675,Eve,67,Chicago,example2@example.com,05-11-2021
676,David,29,Phoenix,example3@example.com,06-11-2021
677,Charlie,51,Phoenix,example3@example.com,07-11-2021
678,Alice,41,Houston,example2@example.com,08-11-2021
679,Charlie,37,Los Angeles,example3@example.com,09-11-2021
680,Eve,65,Chicago,example1@example.com,10-11-2021
681,Bob,57,Los Angeles,example3@example.com,11-11-2021
682,David,44,Chicago,example1@example.com,12-11-2021
683,Alice,49,Chicago,example3@example.com,13-11-2021
684,Eve,24,Chicago,example3@example.com,14-11-2021
685,Eve,51,Phoenix,example1@example.com,15-11-2021
686,Eve,26,Los Angeles,example1@example.com,16-11-2021
687,Charlie,30,Phoenix,example2@example.com,17-11-2021
688,Bob,66,Houston,example1@example.com,18-11-2021
689,Alice,39,Phoenix,example2@example.com,19-11-2021
690,David,28,Phoenix,example1@example.com,20-11-2021
691,Eve,51,Chicago,example1@example.com,21-11-2021
692,Eve,60,Los Angeles,example2@example.com,22-11-2021
693,Bob,36,New York,example3@example.com,23-11-2021
694,David,37,Chicago,example1@example.com,24-11-2021
695,Eve,69,New York,example1@example.com,25-11-2021
696,Eve,55,Houston,example1@example.com,26-11-2021
697,David,22,Houston,example3@example.com,27-11-2021
698,David,28,Los Angeles,example1@example.com,28-11-2021
699,Bob,25,New York,example2@example.com,29-11-2021
700,David,46,New York,example1@example.com,30-11-2021
701,Eve,52,New York,example1@example.com,01-12-2021
702,Alice,39,New York,example2@example.com,02-12-2021
703,Alice,48,Chicago,example1@example.com,03-12-2021
704,Eve,58,Los Angeles,example1@example.com,04-12-2021
705,Eve,66,Phoenix,example3@example.com,05-12-2021
706,Eve,42,New York,example2@example.com,06-12-2021
707,David,36,New York,example3@example.com,07-12-2021
708,Eve,58,Chicago,example3@example.com,08-12-2021
709,Alice,40,Houston,example2@example.com,09-12-2021
710,Eve,59,Phoenix,example2@example.com,10-12-2021
711,Charlie,59,Chicago,example1@example.com,11-12-2021
712,Bob,65,Phoenix,example1@example.com,12-12-2021
713,Alice,56,Phoenix,example3@example.com,13-12-2021
714,Charlie,23,Houston,example1@example.com,14-12-2021
715,Eve,63,Phoenix,example1@example.com,15-12-2021
716,Alice,29,New York,example2@example.com,16-12-2021
717,Alice,62,New York,example2@example.com,17-12-2021
718,David,42,Los Angeles,example2@example.com,18-12-2021
719,Bob,58,Los Angeles,example2@example.com,19-12-2021
720,Alice,44,Houston,example3@example.com,20-12-2021
721,Eve,67,New York,example3@example.com,21-12-2021
722,Bob,38,New York,example1@example.com,22-12-2021
723,Charlie,25,Los Angeles,example2@example.com,23-12-2021
724,Alice,63,Houston,example2@example.com,24-12-2021
725,Alice,52,New York,example2@example.com,25-12-2021
726,Eve,58,Los Angeles,example2@example.com,26-12-2021
727,Eve,46,Phoenix,example3@example.com,27-12-2021
728,Alice,24,New York,example3@example.com,28-12-2021
729,Bob,40,Chicago,example3@example.com,29-12-2021
730,Charlie,45,Chicago,example3@example.com,30-12-2021
731,Eve,59,New York,example2@example.com,31-12-2021
732,Alice,66,Phoenix,example1@example.com,01-01-2022
733,Alice,43,Chicago,example3@example.com,02-01-2022
734,Charlie,69,Houston,example3@example.com,03-01-2022
735,David,34,Los Angeles,example1@example.com,04-01-2022
736,Alice,47,Phoenix,example1@example.com,05-01-2022
737,David,50,Houston,example1@example.com,06-01-2022
738,David,63,Houston,example3@example.com,07-01-2022
739,Charlie,23,New York,example2@example.com,08-01-2022
740,Bob,42,New York,example1@example.com,09-01-2022
741,Alice,67,Chicago,example2@example.com,10-01-2022
742,Eve,46,Phoenix,example1@example.com,11-01-2022
743,Bob,49,New York,example1@example.com,12-01-2022
744,Eve,18,Houston,example3@example.com,13-01-2022
745,David,56,Phoenix,example3@example.com,14-01-2022
746,Bob,42,New York,example3@example.com,15-01-2022
747,Alice,47,New York,example2@example.com,16-01-2022
748,Charlie,22,Houston,example2@example.com,17-01-2022
749,Eve,57,Phoenix,example3@example.com,18-01-2022
750,David,33,Los Angeles,example2@example.com,19-01-2022
751,Charlie,67,Chicago,example1@example.com,20-01-2022
752,David,51,Chicago,example3@example.com,21-01-2022
753,Eve,31,Los Angeles,example1@example.com,22-01-2022
754,Alice,30,Phoenix,example2@example.com,23-01-2022
755,David,67,Houston,example2@example.com,24-01-2022
756,Charlie,67,Houston,example1@example.com,25-01-2022
757,Charlie,28,Houston,example3@example.com,26-01-2022
758,Eve,68,Houston,example3@example.com,27-01-2022
759,David,60,Houston,example2@example.com,28-01-2022
760,David,58,Chicago,example1@example.com,29-01-2022
761,Charlie,26,Phoenix,example3@example.com,30-01-2022
762,Charlie,64,Phoenix,example2@example.com,31-01-2022
763,Alice,54,New York,example2@example.com,01-02-2022
764,David,61,Houston,example3@example.com,02-02-2022
765,David,51,Los Angeles,example3@example.com,03-02-2022
766,Charlie,59,Chicago,example3@example.com,04-02-2022
767,David,18,Phoenix,example2@example.com,05-02-2022
768,Alice,24,Houston,example1@example.com,06-02-2022
769,Alice,35,Houston,example2@example.com,07-02-2022
770,Charlie,37,Houston,example2@example.com,08-02-2022
771,Charlie,50,New York,example3@example.com,09-02-2022
772,Alice,34,Houston,example3@example.com,10-02-2022
773,Bob,41,Houston,example2@example.com,11-02-2022
774,Bob,38,Chicago,example3@example.com,12-02-2022
775,Charlie,40,Los Angeles,example2@example.com,13-02-2022
776,David,29,New York,example3@example.com,14-02-2022
777,Eve,56,Phoenix,example1@example.com,15-02-2022
778,Alice,51,Houston,example3@example.com,16-02-2022
779,Bob,58,Los Angeles,example2@example.com,17-02-2022
780,Alice,62,Los Angeles,example1@example.com,18-02-2022
781,David,54,Los Angeles,example2@example.com,19-02-2022
782,David,51,Los Angeles,example3@example.com,20-02-2022
783,Charlie,54,Phoenix,example3@example.com,21-02-2022
784,Alice,24,Los Angeles,example3@example.com,22-02-2022
785,David,54,New York,example3@example.com,23-02-2022
786,Charlie,27,Chicago,example2@example.com,24-02-2022
787,David,57,Los Angeles,example3@example.com,25-02-2022
788,Charlie,24,Phoenix,example2@example.com,26-02-2022
789,Charlie,66,Los Angeles,example3@example.com,27-02-2022
790,Bob,58,Los Angeles,example2@example.com,28-02-2022
791,David,44,New York,example2@example.com,01-03-2022
792,David,41,Los Angeles,example3@example.com,02-03-2022
793,Bob,22,Houston,example2@example.com,03-03-2022
794,Alice,50,Houston,example2@example.com,04-03-2022
795,Charlie,52,Chicago,example1@example.com,05-03-2022
796,David,41,Chicago,example2@example.com,06-03-2022
797,Bob,55,New York,example2@example.com,07-03-2022
798,Bob,43,Houston,example1@example.com,08-03-2022
799,Charlie,61,Los Angeles,example1@example.com,09-03-2022
800,Charlie,63,New York,example3@example.com,10-03-2022
801,Charlie,28,Phoenix,example1@example.com,11-03-2022
802,Bob,40,Phoenix,example1@example.com,12-03-2022
803,David,55,Houston,example3@example.com,13-03-2022
804,Alice,33,Phoenix,example1@example.com,14-03-2022
805,Alice,35,Phoenix,example3@example.com,15-03-2022
806,Charlie,42,New York,example3@example.com,16-03-2022
807,Alice,25,Houston,example2@example.com,17-03-2022
808,David,53,Houston,example1@example.com,18-03-2022
809,Alice,39,New York,example1@example.com,19-03-2022
810,Eve,50,Houston,example2@example.com,20-03-2022
811,David,67,Chicago,example2@example.com,21-03-2022
812,Eve,60,Phoenix,example2@example.com,22-03-2022
813,Alice,30,Los Angeles,example1@example.com,23-03-2022
814,Alice,53,Phoenix,example2@example.com,24-03-2022
815,Eve,69,Houston,example3@example.com,25-03-2022
816,Charlie,30,Phoenix,example1@example.com,26-03-2022
817,David,39,New York,example2@example.com,27-03-2022
818,David,68,New York,example3@example.com,28-03-2022
819,David,64,New York,example1@example.com,29-03-2022
820,Bob,38,Phoenix,example3@example.com,30-03-2022
821,David,49,Los Angeles,example1@example.com,31-03-2022
822,David,69,Chicago,example1@example.com,01-04-2022
823,David,41,Los Angeles,example3@example.com,02-04-2022
824,Charlie,50,New York,example2@example.com,03-04-2022
825,David,19,Houston,example2@example.com,04-04-2022
826,David,35,Phoenix,example3@example.com,05-04-2022
827,Bob,26,Chicago,example1@example.com,06-04-2022
828,David,54,New York,example1@example.com,07-04-2022
829,Eve,23,Los Angeles,example1@example.com,08-04-2022
830,Charlie,33,Chicago,example2@example.com,09-04-2022
831,Bob,57,Houston,example2@example.com,10-04-2022
832,David,52,Chicago,example1@example.com,11-04-2022
833,Bob,19,Phoenix,example3@example.com,12-04-2022
834,Eve,56,Phoenix,example1@example.com,13-04-2022
835,Alice,31,Chicago,example3@example.com,14-04-2022
836,Bob,69,Los Angeles,example1@example.com,15-04-2022
837,Alice,46,Houston,example3@example.com,16-04-2022
838,David,45,Chicago,example2@example.com,17-04-2022
839,Alice,25,Los Angeles,example2@example.com,18-04-2022
840,Charlie,57,Chicago,example3@example.com,19-04-2022
841,Alice,38,New York,example1@example.com,20-04-2022
842,Bob,63,Phoenix,example1@example.com,21-04-2022
843,Bob,20,Chicago,example3@example.com,22-04-2022
844,David,50,New York,example3@example.com,23-04-2022
845,Eve,40,Phoenix,example1@example.com,24-04-2022
846,Bob,29,New York,example3@example.com,25-04-2022
847,Charlie,21,New York,example3@example.com,26-04-2022
848,Bob,42,New York,example2@example.com,27-04-2022
849,Eve,24,Phoenix,example2@example.com,28-04-2022
850,Alice,47,Phoenix,example2@example.com,29-04-2022
851,Eve,69,Houston,example3@example.com,30-04-2022
852,Bob,32,Chicago,example3@example.com,01-05-2022
853,Eve,23,New York,example1@example.com,02-05-2022
854,Charlie,32,New York,example2@example.com,03-05-2022
855,Bob,63,Chicago,example2@example.com,04-05-2022
856,David,65,Phoenix,example2@example.com,05-05-2022
857,David,55,New York,example1@example.com,06-05-2022
858,Bob,65,Chicago,example2@example.com,07-05-2022
859,Alice,63,Chicago,example3@example.com,08-05-2022
860,Eve,47,New York,example3@example.com,09-05-2022
861,Alice,39,New York,example1@example.com,10-05-2022
862,Alice,39,Houston,example2@example.com,11-05-2022
863,Charlie,20,Chicago,example3@example.com,12-05-2022
864,Alice,43,New York,example1@example.com,13-05-2022
865,Eve,52,Houston,example3@example.com,14-05-2022
866,Alice,63,New York,example2@example.com,15-05-2022
867,David,66,Los Angeles,example3@example.com,16-05-2022
868,David,28,Chicago,example1@example.com,17-05-2022
869,Charlie,45,Los Angeles,example1@example.com,18-05-2022
870,Eve,33,New York,example2@example.com,19-05-2022
871,Eve,28,New York,example2@example.com,20-05-2022
872,Bob,36,Chicago,example2@example.com,21-05-2022
873,Alice,53,New York,example2@example.com,22-05-2022
874,Alice,57,Los Angeles,example3@example.com,23-05-2022
875,David,21,Los Angeles,example2@example.com,24-05-2022
876,Eve,56,Chicago,example2@example.com,25-05-2022
877,Alice,35,Phoenix,example2@example.com,26-05-2022
878,Alice,57,Los Angeles,example3@example.com,27-05-2022
879,Eve,40,New York,example1@example.com,28-05-2022
880,Alice,28,Houston,example3@example.com,29-05-2022
881,Alice,44,New York,example3@example.com,30-05-2022
882,Charlie,45,New York,example1@example.com,31-05-2022
883,Alice,41,Houston,example1@example.com,01-06-2022
884,Charlie,39,Houston,example3@example.com,02-06-2022
885,Eve,36,Houston,example2@example.com,03-06-2022
886,David,43,Phoenix,example2@example.com,04-06-2022
887,Charlie,20,Los Angeles,example3@example.com,05-06-2022
888,Eve,69,Phoenix,example1@example.com,06-06-2022
889,Eve,64,Chicago,example1@example.com,07-06-2022
890,Bob,55,Houston,example2@example.com,08-06-2022
891,Alice,38,Los Angeles,example1@example.com,09-06-2022
892,David,68,Phoenix,example1@example.com,10-06-2022
893,Charlie,20,New York,example3@example.com,11-06-2022
894,Charlie,33,Phoenix,example2@example.com,12-06-2022
895,David,54,New York,example3@example.com,13-06-2022
896,Eve,34,Phoenix,example3@example.com,14-06-2022
897,Eve,19,Chicago,example3@example.com,15-06-2022
898,Eve,49,Phoenix,example3@example.com,16-06-2022
899,Bob,68,Houston,example3@example.com,17-06-2022
900,Eve,49,Phoenix,example3@example.com,18-06-2022
901,David,44,Houston,example2@example.com,19-06-2022
902,Charlie,58,Los Angeles,example2@example.com,20-06-2022
903,Alice,44,Los Angeles,example2@example.com,21-06-2022
904,Alice,36,New York,example2@example.com,22-06-2022
905,Alice,30,Phoenix,example2@example.com,23-06-2022
906,David,32,Chicago,example2@example.com,24-06-2022
907,Alice,68,Houston,example3@example.com,25-06-2022
908,Eve,31,New York,example2@example.com,26-06-2022
909,Charlie,60,Chicago,example1@example.com,27-06-2022
910,David,45,Chicago,example3@example.com,28-06-2022
911,Bob,28,New York,example3@example.com,29-06-2022
912,Bob,65,Los Angeles,example2@example.com,30-06-2022
913,Eve,35,Chicago,example1@example.com,01-07-2022
914,David,40,Chicago,example1@example.com,02-07-2022
915,Eve,20,Chicago,example1@example.com,03-07-2022
916,Eve,19,New York,example1@example.com,04-07-2022
917,Bob,59,Los Angeles,example1@example.com,05-07-2022
918,Charlie,69,New York,example3@example.com,06-07-2022
919,Eve,64,New York,example1@example.com,07-07-2022
920,Bob,65,Phoenix,example2@example.com,08-07-2022
921,Bob,24,New York,example2@example.com,09-07-2022
922,David,67,New York,example3@example.com,10-07-2022
923,David,32,Los Angeles,example3@example.com,11-07-2022
924,Alice,24,Phoenix,example2@example.com,12-07-2022
925,Eve,39,Los Angeles,example3@example.com,13-07-2022
926,David,37,Los Angeles,example1@example.com,14-07-2022
927,Charlie,49,Los Angeles,example3@example.com,15-07-2022
928,Charlie,46,Los Angeles,example3@example.com,16-07-2022
929,Eve,60,Los Angeles,example1@example.com,17-07-2022
930,David,18,Phoenix,example1@example.com,18-07-2022
931,David,45,Houston,example2@example.com,19-07-2022
932,David,59,Chicago,example3@example.com,20-07-2022
933,Alice,62,Chicago,example1@example.com,21-07-2022
934,Alice,42,New York,example3@example.com,22-07-2022
935,David,43,Chicago,example3@example.com,23-07-2022
936,Alice,30,Houston,example2@example.com,24-07-2022
937,Charlie,44,Chicago,example3@example.com,25-07-2022
938,David,35,Los Angeles,example3@example.com,26-07-2022
939,Eve,42,Phoenix,example2@example.com,27-07-2022
940,David,28,Chicago,example2@example.com,28-07-2022
941,Charlie,58,Houston,example1@example.com,29-07-2022
942,Eve,30,New York,example3@example.com,30-07-2022
943,Eve,33,Phoenix,example1@example.com,31-07-2022
944,Charlie,43,New York,example1@example.com,01-08-2022
945,Bob,30,Phoenix,example1@example.com,02-08-2022
946,Bob,50,Chicago,example1@example.com,03-08-2022
947,Eve,29,Houston,example1@example.com,04-08-2022
948,Eve,22,Chicago,example3@example.com,05-08-2022
949,Charlie,28,Houston,example1@example.com,06-08-2022
950,Charlie,52,Phoenix,example3@example.com,07-08-2022
951,Alice,32,Los Angeles,example3@example.com,08-08-2022
952,Eve,31,Los Angeles,example2@example.com,09-08-2022
953,Bob,20,Chicago,example3@example.com,10-08-2022
954,Eve,27,New York,example3@example.com,11-08-2022
955,Bob,62,Los Angeles,example2@example.com,12-08-2022
956,Bob,55,Houston,example1@example.com,13-08-2022
957,Charlie,32,New York,example3@example.com,14-08-2022
958,Eve,55,Houston,example3@example.com,15-08-2022
959,Bob,43,Houston,example3@example.com,16-08-2022
960,Charlie,21,Houston,example1@example.com,17-08-2022
961,Eve,41,Chicago,example2@example.com,18-08-2022
962,Eve,31,Houston,example1@example.com,19-08-2022
963,Eve,45,New York,example2@example.com,20-08-2022
964,Alice,49,Chicago,example1@example.com,21-08-2022
965,David,41,Los Angeles,example3@example.com,22-08-2022
966,Eve,18,Chicago,example3@example.com,23-08-2022
967,Bob,23,Chicago,example3@example.com,24-08-2022
968,Bob,52,Houston,example2@example.com,25-08-2022
969,David,36,Chicago,example3@example.com,26-08-2022
970,David,42,Los Angeles,example3@example.com,27-08-2022
971,Bob,63,Houston,example1@example.com,28-08-2022
972,Alice,61,Phoenix,example1@example.com,29-08-2022
973,Bob,29,Los Angeles,example1@example.com,30-08-2022
974,Charlie,50,Houston,example1@example.com,31-08-2022
975,Charlie,36,Houston,example3@example.com,01-09-2022
976,Alice,50,Chicago,example3@example.com,02-09-2022
977,Eve,37,Phoenix,example3@example.com,03-09-2022
978,Eve,29,New York,example3@example.com,04-09-2022
979,Charlie,48,Phoenix,example2@example.com,05-09-2022
980,David,42,Phoenix,example1@example.com,06-09-2022
981,Alice,38,New York,example2@example.com,07-09-2022
982,Alice,39,Chicago,example1@example.com,08-09-2022
983,David,33,Phoenix,example2@example.com,09-09-2022
984,David,28,New York,example2@example.com,10-09-2022
985,Bob,44,Phoenix,example3@example.com,11-09-2022
986,David,35,Houston,example1@example.com,12-09-2022
987,David,43,Houston,example2@example.com,13-09-2022
988,David,42,Phoenix,example2@example.com,14-09-2022
989,David,42,Los Angeles,example2@example.com,15-09-2022
990,Alice,57,Los Angeles,example3@example.com,16-09-2022
991,Charlie,29,Chicago,example2@example.com,17-09-2022
992,Alice,58,Phoenix,example3@example.com,18-09-2022
993,David,47,Phoenix,example2@example.com,19-09-2022
994,Bob,69,Houston,example2@example.com,20-09-2022
995,Alice,37,New York,example3@example.com,21-09-2022
996,Alice,50,Houston,example2@example.com,22-09-2022
997,Charlie,43,Houston,example2@example.com,23-09-2022
998,Charlie,18,Los Angeles,example3@example.com,24-09-2022
999,Eve,18,Houston,example1@example.com,25-09-2022
1000,Charlie,25,Phoenix,example1@example.com,26-09-2022
